[Kod];[TITLE]
P00001;Stabilizovaný mach - lišajník - Limetková zelená
P00005;Stabilizovaný mach - lišajník - Svetlozelená
P00006;Stabilizovaný mach - lišajník - Stredná zelená
P00007;Stabilizovaný mach - lišajník - Olivová zelená
P00008;Stabilizovaný mach - lišajník - Tyrkysová zelená
P00009;Stabilizovaný mach - lišajník - Lesná zelená
P00012;Kopèekový mach - Svetlozelená
P00013;Kopèekový mach - Tmavozelená
P00014;Kopèekový mach - Stredná zelená
P00015;Plochý mach - Lesná zelená
P00016;Stabilizovaná papraï Argyrea
P00017;Stabilizovaná papraï Colombia
P00018;Stabilizovaná papraï Parchment
P00019;Stabilizovaný Eukalyptus Parvifolia
P00020;Stabilizovaný Breètan - zelený
P00021;Stabilizovaný Amarant - Olivovo zelený
P00022;Stabilizovaný Amarant - vínovo èervený
P00024;Tavná pištol Extol
P00025;Rám na machový obraz - 30x30cm - stredne hnedý
P00026;Rám na machový obraz - 40x50cm - stredne hnedý
P00027;Rám na machový obraz - 80x40cm - stredne hnedý
P00028;Rám na machový obraz - 30x30cm - odtieò Lipa
P00029;Rám na machový obraz - 40x50cm - odtieò Lipa
P00030;Rám na machový obraz - 80x40cm - odtieò Lipa
P00031;Lepiace tyèinky 11x200mm
P00032;Plochý mach - Tenký - Svetlá zelená
P00033;Stabilizovaný mach - lišajník - Èervená
P00034;Stabilizovaný mach - lišajník - Žltá
P00035;Plochý mach - Premium - Extra hrubý
P00036;Lepidlo na stabilizovaný mach
P00037;Plochý mach - Prírodná zelená
P00039;Stabilizovaná papraï Parchment - èervená
P00041;Kopèekový mach - Jasná zelená - Balenie 0,1m2
P00042;Stabilizovaná papraï Adianthum Lutti
P00043;Stabilizovaná Lanuginosa
P00044;Plastová stierka
P00045;Stabilizovaný Amarant - zelený
P00046;Stabilizovaný mach - lišajník - 100g - Èistený - ŠPECIÁLNA PONUKA
P00047;"Kopèekový mach - ""Korytnaèka"" - Svetlo zelená"
P00048;Stabilizovaná papraï Sertularia
P00049;Rám na machový obraz - 80x40cm - Dub
P00050;Rám na machový obraz - 80x40cm - Eben (Èierna)
P00051;Rám na machový obraz - 80x40cm - Biely
P00053;Rám na machový obraz - Hexagón - Orech
P00054;Stabilizovaný mach - lišajník - Mentolová
P00055;"Stabilizovaná ""Riasogu¾a"""
P00056;"Stabilizovaná okrasná tráva ""Tiki"""
P00057;Stabilizovaná papraï Brillant
P00058;Stabilizovaná papraï Rock
P00059;Stabilizovaná papraï Leather
P00060;Kruhový rám na machový obraz - Rôzne ve¾kosti - Eben (Èierna)
P00061;Kruhový rám na machový obraz - Rôzne ve¾kosti - Dub
P00062;Kruhový rám na machový obraz - Rôzne ve¾kosti - Biela
P00063;Drevený hríbik
P00064;Stabilizovaný mach - lišajník - Natural
P00065;Stabilizovaný mach - lišajník - Oranžová
P00066;Stabilizovaný mach - lišajník - Tmavozelená
P00067;Stabilizovaný Amarant - èervený
P00068;Kopèekový mach - Provensálsky
P00069;Èistený stabilizovaný mach - lišajník - Jablkovozelená - Fínsky
P00070;Sušený hríb - Biely
P00071;Sušený hríb - Hnedý
P00072;Kopèekový mach - Jablkovo zelená
P00073;Lano na machový strom hr. 10mm
P00074;Lano na machový strom hr. 18mm
P00075;Èistený stabilizovaný mach - lišajník - Smaragdová zelená - Fínsky
P00076;Èistený stabilizovaný mach - lišajník - Borovicová zelená - Fínsky
P00077;Èistený stabilizovaný mach - lišajník - Jarná zelená - Èistený
P00078;Stabilizovaná papraï Davalia - èervená
P00079;Rám na machový obraz - 40x50cm - odtieò Smrek
P00080;Darèeková poukážka
P00081;Stabilizované kvety Bogenvilea - zelené
P00082;Stabilizovaná papraï obyèajná
P00083;Stabilizovaný Breètan - èervený
P00084;Stabilizované dubové vetvièky - jesenná trikolóra
P00085;Stabilizovaný mach - lišajník - Tehlová
P00086;Dekoraèný kameò - Biely Mramor
P00087;Dekoraèný kameò - Ružovo-sivý Vápenec
P00088;Dekoraèný kameò - Kamenná kôra
P00089;Stabilizovaná ruža - žiarivá èervená
P00090;Stabilizovaná ruža - romantická ružová
P00091;Stabilizovaná ruža - champagne
P00092;Darèeková sada na výrobu machového obrazu - plochý + kopèekový mach jasne zelený
P00093;Stabilizovaná papraï Felci - zelená
P00094;Stabilizovaná papraï Felci - olivovo zelená
P00095;Stabilizovaný Eukalyptus Nicoly
P00096;Kopèekový mach - Limetková zelená
P00097;Kopèekový mach - lesná zelená
P00098;Stabilizovaná biela papraï - VE¼KÁ
P00100;Sušená škorica
P00101;Stabilizovaný Amarant - Stredná zelená
P00102;Stabilizovaná hortenzia - zelená
P00103;Stabilizovaná hortenzia - vínovo èervená
P00104;Stabilizovaný Cocolus
P00105;Stabilizované lístky Cineraria
P00106;Plochý mach - Tenký - Jasná zelená
P00107;Kopèekový mach - Solitér - Ve¾ký kopèek
P00109;Lepiaca tyèinka 11x200mm
P00110;Stabilizovaný mach - lišajník - Modrá
P00111;Stabilizovaný mach - lišajník - Èierna
P00112;Stabilizovaný mach - lišajník - Ružová
P00113;Stabilizovaný mach - lišajník - Staroružová
P00114;Kopèekový mach - Smaragdová zelená - Balenie 0,11m2
P00115;Stabilizované kvety Botao - Biele
P00116;Stabilizované kvety Gypsophila - Èervená
P00117;Stabilizované kvety Gypsophila - Tyrkysová
P00118;Stabilizované kvety Gypsophila - Žltá
P00119;Stabilizované kvety Gypsophila - Bledoružová
P00120;Stabilizované kvety Ixodia - Biele
P00121;Stabilizovaná papraï Davalia - zelená
P00122;Kruhový rám na machový obraz - Rôzne ve¾kosti - Smrek
P00123;Darèeková sada na výrobu machového obrazu - plochý + kopèekový mach svetlo zelený
P00124;Stabilizovaný Amarant - Svetlozelený
P00126;Èistený stabilizovaný mach - lišajník - Khaki - Fínsky
P00127;Stabilizovaný Amarant - olivovo zelený - 20g
P00128;Stabilizované kvety Gypsophila - Krémová
P00129;Stabilizované kvety Gypsophila - Královská modrá
P00130;Stabilizované kvety Gypsophila - Fialová
P00131;Stabilizované kvety Levandula
P00132;Stabilizovaný Eukalyptus Populus - Èervený
P00133;Stabilizovaný Eukalyptus Cinerea
P00134;Stabilizovaný Amarant - Tmavozelený
P00135;Stabilizovaný Amarant - Biely
P00136;Stabilizovaný Amarant - Bledoružový
P00137;Stabilizovaný Amarant - Fialový
P00138;Stabilizovaný Amarant - Lososový
P00139;Stabilizovaný Amarant - Marhu¾ový
P00140;Stabilizovaný Amarant - Bledomodrý
P00141;Stabilizovaná hortenzia - Tmavá ružová
P00142;Stabilizovaná hortenzia - Modro-ružová
P00143;Stabilizovaná hortenzia - Krémovo-ružová
P00144;Stabilizované kvety Gypsophila - Broskyòová
P00146;Stabilizované kvety Limonium - Modré
P00147;Stabilizované kvety Botao - Zelené
P00148;Stabilizované kvety Craspedia - Žlté
P00149;Stabilizovaný Eukalyptus Stuartiana - Žltý
P00150;Stabilizovaný Eukalyptus Stuartiana - Zelený
P00151;"Stabilizovaná okrasná tráva ""Barba"""
P00152;Stabilizovaná ruža na stonke - Èervená
P00153;Podklad na machové srdce
P00154;Stabilizovaný vres - Natural
P00156;Stabilizovaný Papyrus
P00157;Kopèekový mach - prírodná zelená
P00159;Èistený stabilizovaný mach - lišajník - Tmavá - Fínsky
P00160;Èistený stabilizovaný mach - lišajník - Citrónová - Fínsky
P00161;Èistený stabilizovaný mach - lišajník - Natural - Fínsky
P00162;Podklad na machový kruh
P00163;Stabilizovaný Eukalyptus Populus - Zelený
P00164;Stabilizovaný Eukalyptus Baby
P00165;Stabilizované kvety Botao - Oranžové
P00166;Stabilizované kvety Broom - Biele
P00167;Stabilizovaný Listnatec - Medený
P00168;Sušená Pšenica
P00169;Sušená okrasná tráva Kavy¾
P00170;Stabilizovaná papraï Lutti - Svetlozelená
P00171;Stabilizovaná papraï Tabalia
P00172;Dekoraèný kameò - Èierny Mramor
P00173;Dekoraèný kameò - Oranžový Mramor
P00174;"Stabilizovaná machová ""Hviezdica"""
P00175;Plochý mach - Papraïový - Extra hrubý
P00176;Stabilizované kvety Botao - Žlté
P00177;Stabilizované kvety Hlavaèka -Bledoružová
P00178;Stabilizované kvety Zlatoby¾ - Zelené
P00179;Stabilizované kvety Mimóza
P00180;Stabilizovaná hortenzia - citrónová
P00181;Strom života - Natural
P00182;Lesné èuèoriedkové víno 1l
P00183;Ríbezlové víno 1l
P00185;Stabilizované kvety Hlavaèka - Olivovozelené
P00186;Stabilizovaná pampová tráva
P00187;Lišajníkový panel - 60x40cm
P00188;Stabilizované kvety Achillea - Jasná zelená
P00189;Sušené kvety Acroclinium - Ružové
P00190;Sušené kvety Phalaris - Ružové
P00191;Stabilizovaný Eukalyptus Cinerea - Krátky zväzok
P00192;Stabilizované kvety Botao - Svetlozelené
P00193;Sušené kvety Limonium - Fialové
P00194;Sušené kvety Phalaris - Tyrkysové
P00195;Sušené kvety Babala - Jasnozelené
P00196;Stabilizované kvety Gypsophila - Ružová
P00197;Stabilizovaná zelená papraï - VE¼KÁ - 10 ks
P00198;"Kopèekový mach - ""Korytnaèka"" - Prírodná zelená"
P00199;Stabilizovaná papraï Leather - Svetlozelená
P00200;Stabilizovaná papraï Dragon
P00201;Stabilizovaný Breètan - žltý
P00203;Stabilizovaná Setaria - 150g
P00204;Stabilizovaný vres
P00205;Stabilizované kvety Limonium - Ružové
P00206;Stabilizované kvety Botao - Bordové
P00207;Sušená okrasná peria tráva
P00208;Stabilizovaný ryžový kvet - Krá¾ovská modrá
P00209;Stabilizovaná snežná papraï
P00210;Stabilizovaná hortenzia - Krémová
P00211;Stabilizovaná vodná papraï
P00212;Stabilizovaná papraï Leather - Biela
P00213;Stabilizovaná papraï Lutti - Balenie
P00214;Sušené kvety Phalaris - Marhu¾ové
P00215;Plochý mach - Prírodná zelená PREMIUM
P00216;DIY sada machový kruh 30cm - lišajník
P00217;Stabilizovaný ryžový kvet - Modrý
P00218;Stabilizovaný ryžový kvet - Staroružový
P00219;Stabilizovaný Eukalyptus - Strieborný
P00220;Stabilizovaný Eukalyptus - Zlatý
P00221;Stabilizované Ting Ting - Strieborné
P00222;Strom života - Èierny
P00223;Lišajníkové kopèeky - Balenie 0,25m2
P00224;"Kopèekový mach - ""Korytnaèka"" Mini - Balenie 0,15m2"
P00225;Stabilizované kvety Broom - Zelené
P00226;Stabilizovaná hortenzia - Ružová
P00227;Podklad na machový obraz 42x30cm (A3)
P00230;Sušené kvety Phalaris - Terakota
P00231;Stabilizovaný Olivovník - 250g
P00232;Stabilizovaná hortenzia - Marhu¾ová - PREMIUM
P00233;DIY sada machový obdåžnik 42x30cm
P00235;Lepiace tyèinky 7x100mm - Malé
P00236;Sušený hríb na palièke - Hnedý
P00237;Sušený kvet Banksia - Èervený
P00238;Sušený kvet Banksia - Žltý
P00239;Stabilizovaný mach - lišajník - Jantárová
P00240;Tavná pištol - malá
P00241;Stabilizovaný Olivovník - 150g
P00242;Plochý mach - Balenie 1m2
P00243;Podklad na machové srdce
P00244;"Kopèekový mach - ""Ježko"""
P00245;Drevené zvieratko do machového obrazu
P00246;Rám na machový obraz - Hexagón - Smrek
P00247;Drevená kôra - podlhovastá - 30cm
P00248;Drevená kôra - Prírodná
P00249;Lotosový kvet - sušený
P00250;Drevené konáre - Zlatohnedé
P00251;Šiška - sušená
P00252;Palmový kvet - sušený
P00253;Kopèekový mach - Sibírsky mach - Balenie 0,3m2
P00254;Drevený rám na mieru
P00255;TEST
P00256;Rukavice
P00257;Stabilizovaná hortenzia - Modrá
P00258;Strom života
P00259;Drevené kolieska
P00261;Stabilizovaný ryžový kvet - Èervený
P00262;Stabilizované kvety Limonium - Magenta
P00263;Stabilizované kvety Plumosum - Žlté
P00264;Stabilizovaná papraï Cinnamon
P00265;Rám na machový obraz - Trojuholník - Smrek
P00266;Rám na machový obraz - 40x50cm - Dub
P00268;Lepiaca tyèinka 7x100mm - Malá
P00269;Stabilizované vetvièky Ming
P00271;Stabilizovaná papraï Rumora
P00272;Palmová kôra
P00273;Stabilizované kvety Botao - Dúhové
P00274;Plochý mach - Francúzsky - Tmavá zelená
P00275;Machový strom - Svetlozelený
P00276;Machový strom - Smaragdová zelená
P00277;Machový strom - Limetková zelená
P00278;Stabilizovaný Amarant - Limetková zelená
P00279;Drevená kôra - Biela
P00280;Stabilizovaná svetlozelená papraï - VE¼KÁ - 10 ks
P00281;Stabilizované kvety Plumosum - Ružové
P00282;Sušené kvety Phalaris - Magenta
P00283;Stabilizovaný ryžový kvet - Biely
P00284;Stabilizovaný ryžový kvet - Zelený
P00285;Stabilizovaný mach - lišajník - Ïatelinová
P00286;Rám na machový obraz - 80x40cm - odtieò Smrek
P00287;Stabilizovaná papraï Adianthum Lutti - èervená
P00289;Stabilizovaný mach - lišajník - Hnedá
P00290;Stabilizované vetvièky Ming - Biele
P00291;"Stabilizovaná ""medvedia"" tráva"
P00292;Stabilizované kvety Levandula - Natural
P00293;Drevená kôra - Zlatohnedá
P00294;"Kopèekový mach - ""Ježko"" - Svetlo zelená"
P00295;"Kopèekový mach - ""Ježko"" - Prírodná zelená"
P00296;Bell Cup - Zlaté
P00297;Sušený ovos
P00298;Stabilizované kvety Broom - Èervené
P00299;Stabilizovaný Eukalyptus Baby - Biely
P00300;Stabilizovaná papraï Rumora - èervená
P00301;Sušené kvety Rozeta
P00302;Sušený bavlník
P00303;1x Hmoždinka + 1x skrutka
P00304;2x Hmoždinka + 2x skrutka
P00306;Darèeková sada na výrobu machového obrazu - plochý + kopèekový mach - 80x40cm
P00308;Stabilizovaný vres - Magenta
P00309;Stabilizovaný gulièkový Amarant - Limetková zelená
P00310;Stabilizovaný gulièkový Amarant - Stredná zelená
P00311;Sušený ¾an - Zlatý
P00312;Falošné korenie - Ružové
P00313;Drevené konáre - Prírodné
P00315;Stabilizovaný Eukalyptus Cinerea - Bordový
P00316;Stabilizovaný Eukalyptus Globulus
P00317;Stabilizované kvety Broom - Staroružová
P00318;Stabilizovaný ryžový kvet - Žltý
P00319;Stabilizovaný mach - lišajník - Fialová
P00320;Lišajníkové kopèeky
P00321;Kopèekový mach Mini - Lesná zelená - Balenie 0,15m2
P00322;Drevené konáre - Biele
P00323;Orech Mintolla - sušený
P00324;Sušený plod Badam
P00327;Sušené kvety Rodanthe- Ružové
P00328;Stabilizovaný Amarant - Žltý
P00329;Kopèekový mach Mini - Jarná zelená - Balenie 0,15m2
P00330;Drevená dekoraèná kôra
P00331;Rám na machový obraz - Hexagón - Eben (Èierna)
P00332;Rám na machový obraz - Hexagón - Dub
P00333;Stabilizované kvety Gypsophila - Zelené
P00334;Stabilizovaný ryžový kvet - Marhu¾ový
P00335;Kruhový rám na machový obraz - Rôzne ve¾kosti - Èierny
P00336;Kruhový rám na machový obraz - Rôzne ve¾kosti - Hnedý
P00337;Kopèekový mach Mini - Jablkovo zelená - Balenie 0,15m2
P00338;Stabilizované kvety Brunia - Ružové
P00339;"Stabilizovaná ""zvonová"" tráva"
P00341;Drevená kôra - podlhovastá - 45cm
P00342;Rám na machový obraz - Hexagón - Palisander
P00343;Stabilizovaný ryžový kvet - Ružový
P00344;Stabilizované kvety Limonium - Biele
P00345;Sušený kvet Banksia - Natural
P00346;Stabilizované kvety Gypsophila - Dúhové
P00347;"Kopèekový mach - ""Korytnaèka"" Mini - Svetlo zelená - Balenie 0,15m2"
P00348;"Kopèekový mach - ""Korytnaèka"" Mini - Prírodná zelená - Balenie 0,15m2"
P00349;Stabilizované kvety Plumosum - Marhu¾ové
P00350;Rám na machový obraz - 80x40cm - Palisander
P00351;Stabilizovaný vres - Zelený
P00352;Sušený ovos - Broskyòový
P00353;Sušený ¾an - Hnedý
P00354;Sušený ¾an - Prírodná zelená
P00355;Sušená Tatarica - Èervená
P00356;Stabilizované kvety Botao - Ružové
P00357;Stabilizovaná hortenzia Grandiflora- Ružová
P00358;Stabilizovaná hortenzia metlinatá- Krémová
P00359;Stabilizované kvety Gypsophila - Limetková zelená
